{
  "Component.js.map": 1761322512613,
  "manifest.json": 1761307476584,
  "model/formatter.js": 1761308637535,
  "controller/Overview.controller.js": 1761313170371,
  "controller/App.controller.js": 1761238012146,
  "model/models.js": 1761238012146,
  "Component.js": 1761238012138,
  "Component-dbg.js": 1761238012138,
  "i18n/i18n.properties": 1761238066051,
  "controller/Overview-dbg.controller.js": 1761313170371,
  "controller/Overview.controller.js.map": 1761322512629,
  "controller/App-dbg.controller.js": 1761238012146,
  "controller/App.controller.js.map": 1761322512617,
  "model/models-dbg.js": 1761238012146,
  "model/models.js.map": 1761322512615,
  "model/formatter-dbg.js": 1761308637535,
  "model/formatter.js.map": 1761322512623,
  "Component-preload.js": 1761322512752,
  "Component-preload.js.map": 1761322512752,
  "view/Overview.view.xml": 1761322446898,
  "view/App.view.xml": 1761238012150,
  "css/style.css": 1761238012150,
  "index.html": 1761238012142
}